{
    "openapi": "3.0.0",
    "info": {
        "title": "ParkimaPro API",
        "version": "0.1"
    },
    "servers": [
        {
            "url": "http://demo.pro.bmoov.test",
            "description": " server"
        }
    ],
    "paths": {
        "/api/check/password": {
            "post": {
                "tags": [
                    "Login"
                ],
                "summary": "Check Password",
                "operationId": "427589bfe5064921605e220967cd2cae",
                "requestBody": {
                    "required": true,
                    "content": {
                        "application/json": {
                            "schema": {
                                "required": [
                                    "password"
                                ],
                                "properties": {
                                    "password": {
                                        "type": "integer"
                                    }
                                },
                                "type": "object"
                            }
                        }
                    }
                },
                "responses": {
                    "200": {
                        "description": "Issue the token and return the current user info",
                        "content": {
                            "application/json": {
                                "schema": {
                                    "example": {
                                        "status": "string"
                                    }
                                }
                            }
                        }
                    }
                }
            }
        },
        "/api/phone-auth/verification": {
            "put": {
                "tags": [
                    "Login"
                ],
                "summary": "Verify phone number",
                "operationId": "40acad40e4b8728cf65108482bbe276e",
                "requestBody": {
                    "required": true,
                    "content": {
                        "application/json": {
                            "schema": {
                                "required": [
                                    "phone"
                                ],
                                "properties": {
                                    "phone": {
                                        "type": "integer"
                                    }
                                },
                                "type": "object"
                            }
                        }
                    }
                },
                "responses": {
                    "200": {
                        "description": "Issue the token and return the current user info",
                        "content": {
                            "application/json": {
                                "schema": {
                                    "example": {
                                        "status": "string"
                                    }
                                }
                            }
                        }
                    }
                }
            }
        },
        "/api/phone-auth/verify": {
            "put": {
                "tags": [
                    "Login"
                ],
                "summary": "Verify otp",
                "operationId": "2fb2d401000cea7834eebe69750709a7",
                "requestBody": {
                    "required": true,
                    "content": {
                        "application/json": {
                            "schema": {
                                "required": [
                                    "phone",
                                    "otp",
                                    "action",
                                    "device_token",
                                    "os"
                                ],
                                "properties": {
                                    "phone": {
                                        "type": "integer"
                                    },
                                    "otp": {
                                        "type": "integer"
                                    },
                                    "action": {
                                        "type": "integer"
                                    },
                                    "device_token": {
                                        "type": "integer"
                                    },
                                    "os": {
                                        "type": "integer"
                                    }
                                },
                                "type": "object"
                            }
                        }
                    }
                },
                "responses": {
                    "200": {
                        "description": "Issue the token and return the current user info",
                        "content": {
                            "application/json": {
                                "schema": {
                                    "example": {
                                        "status": "string"
                                    }
                                }
                            }
                        }
                    }
                }
            }
        }
    },
    "components": {
        "securitySchemes": {
            "apiAuth": {
                "type": "http",
                "description": "Authentication Bearer Token",
                "name": "Authentication Bearer Token",
                "in": "header",
                "bearerFormat": "JWT",
                "scheme": "bearer"
            }
        }
    }
}